accept,access,arch_prctl,bind,brk,chdir,chmod,clock_nanosleep,clone,close,close_range,connect,copy_file_range,dup2,epoll_create1,epoll_ctl,epoll_pwait,execve,exit,exit_group,faccessat2,fadvise64,fchdir,fchmod,fcntl,flock,fork,fstat,fsync,ftruncate,futex,getcwd,getdents64,getegid,geteuid,getgid,getgroups,getpid,getppid,getrandom,getrlimit,getsockname,getsockopt,gettid,getuid,ioctl,kill,listen,lseek,madvise,mkdir,mmap,mprotect,munmap,nanosleep,newfstatat,open,openat,pipe,pipe2,poll,prctl,pread64,prlimit64,read,readlink,readlinkat,recvfrom,rt_sigaction,rt_sigprocmask,rt_sigreturn,select,sendto,set_robust_list,set_tid_address,setsid,setsockopt,setuid,sigaltstack,socket,splice,stat,statfs,statx,tgkill,time,times,umask,uname,unlink,unlinkat,vfork,wait4,write,network_ratio,file_ratio,memory_ratio,process_ratio,syscall_diversity,total_syscalls,label
0.0,0.010582010582010581,0.005291005291005291,0.0,0.015873015873015872,0.0,0.0,0.0,0.0,0.1693121693121693,0.0,0.0,0.0,0.0,0.0,0.0,0.0,0.005291005291005291,0.0,0.005291005291005291,0.0,0.0,0.005291005291005291,0.0,0.12698412698412698,0.0,0.0,0.06349206349206349,0.0,0.0,0.0,0.0,0.021164021164021163,0.0,0.0,0.0,0.0,0.0,0.0,0.005291005291005291,0.0,0.0,0.0,0.0,0.0,0.010582010582010581,0.0,0.0,0.0,0.0,0.0,0.1164021164021164,0.031746031746031744,0.005291005291005291,0.0,0.08994708994708994,0.0,0.12169312169312169,0.0,0.0,0.0,0.0,0.010582010582010581,0.005291005291005291,0.031746031746031744,0.0,0.0,0.0,0.0,0.0,0.0,0.0,0.0,0.005291005291005291,0.005291005291005291,0.0,0.0,0.0,0.0,0.0,0.0,0.0,0.010582010582010581,0.0,0.0,0.0,0.0,0.0,0.005291005291005291,0.0,0.0,0.0,0.0,0.1111111111111111,0.0,0.5873015873015873,0.1693121693121693,0.005291005291005291,26,189,0
0.0,0.007692307692307693,0.0038461538461538464,0.0,0.023076923076923078,0.0,0.0,0.0,0.0,0.13076923076923078,0.0,0.015384615384615385,0.0,0.0,0.0,0.0,0.0,0.0038461538461538464,0.0,0.0038461538461538464,0.0,0.0,0.0,0.0,0.011538461538461539,0.0,0.0,0.11153846153846154,0.0,0.0,0.0,0.0,0.13076923076923078,0.0,0.0,0.0,0.0,0.0,0.0,0.0038461538461538464,0.0,0.0,0.0,0.0038461538461538464,0.0,0.019230769230769232,0.0,0.0,0.023076923076923078,0.0,0.0,0.10384615384615385,0.03076923076923077,0.007692307692307693,0.0,0.015384615384615385,0.0,0.11923076923076924,0.0,0.0,0.0038461538461538464,0.0038461538461538464,0.007692307692307693,0.007692307692307693,0.07692307692307693,0.0038461538461538464,0.0,0.0,0.03461538461538462,0.0,0.0,0.0,0.0,0.0038461538461538464,0.0038461538461538464,0.0,0.0,0.0,0.011538461538461539,0.015384615384615385,0.0,0.0,0.007692307692307693,0.03076923076923077,0.0,0.0,0.0,0.0,0.0,0.0,0.0,0.0,0.0,0.0038461538461538464,0.03076923076923077,0.4807692307692308,0.16538461538461538,0.0038461538461538464,36,260,0
0.0,0.0024509803921568627,0.0024509803921568627,0.0,0.02696078431372549,0.0,0.0,0.0,0.0,0.07352941176470588,0.0,0.0,0.0,0.0,0.0,0.0,0.0,0.0024509803921568627,0.0,0.0024509803921568627,0.0,0.0,0.0,0.0,0.00980392156862745,0.0,0.0,0.08333333333333333,0.0,0.0,0.0024509803921568627,0.004901960784313725,0.049019607843137254,0.0024509803921568627,0.0024509803921568627,0.0024509803921568627,0.0,0.0,0.0,0.007352941176470588,0.0,0.0,0.0,0.0024509803921568627,0.0024509803921568627,0.014705882352941176,0.0,0.0,0.041666666666666664,0.0,0.0,0.07352941176470588,0.014705882352941176,0.00980392156862745,0.0,0.2034313725490196,0.0024509803921568627,0.08333333333333333,0.0,0.0,0.0,0.0,0.004901960784313725,0.004901960784313725,0.0784313725490196,0.004901960784313725,0.0,0.0,0.16176470588235295,0.00980392156862745,0.0,0.0,0.0,0.0024509803921568627,0.0024509803921568627,0.0,0.0,0.0,0.0,0.0,0.0,0.0,0.0,0.0,0.0,0.0,0.0,0.0,0.0,0.0,0.0,0.0,0.0,0.0024509803921568627,0.0,0.5686274509803921,0.125,0.0024509803921568627,36,408,0
0.0,0.014705882352941176,0.007352941176470588,0.0,0.029411764705882353,0.0,0.0,0.0,0.0,0.08823529411764706,0.0,0.0,0.0,0.0,0.0,0.0,0.0,0.007352941176470588,0.0,0.007352941176470588,0.0,0.0,0.0,0.0,0.029411764705882353,0.0,0.0,0.07352941176470588,0.0,0.0,0.0,0.0,0.0,0.0,0.0,0.0,0.0,0.0,0.0,0.007352941176470588,0.0,0.0,0.0,0.007352941176470588,0.0,0.007352941176470588,0.0,0.0,0.014705882352941176,0.0,0.0,0.19852941176470587,0.058823529411764705,0.014705882352941176,0.0,0.0,0.0,0.08088235294117647,0.007352941176470588,0.0,0.007352941176470588,0.007352941176470588,0.014705882352941176,0.014705882352941176,0.10294117647058823,0.0,0.0,0.0,0.0661764705882353,0.0,0.0,0.0,0.0,0.007352941176470588,0.007352941176470588,0.0,0.0,0.0,0.022058823529411766,0.0,0.029411764705882353,0.0,0.014705882352941176,0.03676470588235294,0.0,0.0,0.0,0.0,0.0,0.0,0.0,0.0,0.0,0.0,0.0,0.3602941176470588,0.3014705882352941,0.007352941176470588,31,136,0
0.0,0.01639344262295082,0.00819672131147541,0.0,0.02459016393442623,0.0,0.0,0.0,0.0,0.07377049180327869,0.0,0.0,0.0,0.0,0.0,0.0,0.0,0.00819672131147541,0.0,0.00819672131147541,0.0,0.0,0.0,0.0,0.02459016393442623,0.0,0.0,0.06557377049180328,0.0,0.0,0.0,0.0,0.0,0.0,0.0,0.0,0.0,0.0,0.0,0.00819672131147541,0.0,0.0,0.0,0.00819672131147541,0.0,0.00819672131147541,0.0,0.0,0.01639344262295082,0.0,0.0,0.22131147540983606,0.06557377049180328,0.01639344262295082,0.0,0.0,0.0,0.08196721311475409,0.0,0.0,0.00819672131147541,0.00819672131147541,0.01639344262295082,0.01639344262295082,0.11475409836065574,0.0,0.0,0.0,0.05737704918032787,0.0,0.0,0.0,0.0,0.00819672131147541,0.00819672131147541,0.0,0.0,0.0,0.02459016393442623,0.0,0.0,0.0,0.01639344262295082,0.03278688524590164,0.0,0.0,0.0,0.0,0.00819672131147541,0.0,0.0,0.0,0.0,0.00819672131147541,0.0,0.36065573770491804,0.32786885245901637,0.00819672131147541,31,122,0
0.0,0.03333333333333333,0.03333333333333333,0.0,0.03333333333333333,0.0,0.0,0.03333333333333333,0.0,0.03333333333333333,0.0,0.0,0.0,0.0,0.0,0.0,0.0,0.03333333333333333,0.0,0.03333333333333333,0.0,0.0,0.0,0.0,0.03333333333333333,0.0,0.0,0.03333333333333333,0.0,0.0,0.0,0.0,0.0,0.0,0.0,0.0,0.0,0.0,0.0,0.03333333333333333,0.0,0.0,0.0,0.03333333333333333,0.0,0.03333333333333333,0.0,0.0,0.03333333333333333,0.0,0.0,0.03333333333333333,0.03333333333333333,0.03333333333333333,0.0,0.0,0.0,0.03333333333333333,0.0,0.0,0.03333333333333333,0.03333333333333333,0.03333333333333333,0.03333333333333333,0.03333333333333333,0.0,0.0,0.0,0.03333333333333333,0.0,0.0,0.0,0.0,0.03333333333333333,0.03333333333333333,0.0,0.0,0.0,0.03333333333333333,0.0,0.0,0.0,0.03333333333333333,0.03333333333333333,0.0,0.0,0.0,0.0,0.0,0.0,0.0,0.0,0.0,0.0,0.0,0.16666666666666666,0.13333333333333333,0.03333333333333333,30,30,0
0.0,0.03333333333333333,0.03333333333333333,0.0,0.03333333333333333,0.0,0.0,0.0,0.0,0.03333333333333333,0.0,0.0,0.0,0.0,0.0,0.0,0.0,0.03333333333333333,0.0,0.03333333333333333,0.03333333333333333,0.0,0.0,0.0,0.03333333333333333,0.0,0.0,0.03333333333333333,0.0,0.0,0.0,0.0,0.0,0.03333333333333333,0.03333333333333333,0.03333333333333333,0.0,0.03333333333333333,0.03333333333333333,0.03333333333333333,0.0,0.0,0.0,0.0,0.03333333333333333,0.0,0.0,0.0,0.0,0.0,0.0,0.03333333333333333,0.03333333333333333,0.03333333333333333,0.0,0.03333333333333333,0.0,0.03333333333333333,0.0,0.0,0.0,0.0,0.03333333333333333,0.03333333333333333,0.03333333333333333,0.0,0.0,0.0,0.03333333333333333,0.0,0.0,0.0,0.0,0.03333333333333333,0.03333333333333333,0.0,0.0,0.0,0.0,0.0,0.0,0.0,0.0,0.0,0.0,0.0,0.0,0.0,0.0,0.0,0.0,0.0,0.0,0.03333333333333333,0.0,0.2,0.13333333333333333,0.03333333333333333,30,30,0
0.0,0.03333333333333333,0.03333333333333333,0.0,0.03333333333333333,0.0,0.0,0.0,0.0,0.03333333333333333,0.0,0.0,0.0,0.0,0.0,0.0,0.0,0.03333333333333333,0.0,0.03333333333333333,0.0,0.0,0.0,0.0,0.03333333333333333,0.0,0.0,0.03333333333333333,0.0,0.0,0.0,0.0,0.0,0.0,0.0,0.0,0.0,0.0,0.0,0.03333333333333333,0.0,0.0,0.0,0.03333333333333333,0.0,0.03333333333333333,0.0,0.0,0.03333333333333333,0.0,0.0,0.03333333333333333,0.03333333333333333,0.03333333333333333,0.0,0.0,0.0,0.03333333333333333,0.0,0.0,0.03333333333333333,0.03333333333333333,0.03333333333333333,0.03333333333333333,0.03333333333333333,0.0,0.0,0.0,0.03333333333333333,0.0,0.0,0.0,0.0,0.03333333333333333,0.03333333333333333,0.0,0.0,0.0,0.03333333333333333,0.0,0.0,0.0,0.03333333333333333,0.03333333333333333,0.0,0.0,0.0,0.0,0.0,0.0,0.0,0.0,0.0,0.0,0.0,0.16666666666666666,0.13333333333333333,0.03333333333333333,30,30,0
0.0,0.03225806451612903,0.03225806451612903,0.0,0.03225806451612903,0.0,0.0,0.0,0.0,0.03225806451612903,0.0,0.0,0.0,0.0,0.0,0.0,0.0,0.03225806451612903,0.0,0.03225806451612903,0.0,0.0,0.0,0.0,0.03225806451612903,0.0,0.0,0.03225806451612903,0.0,0.0,0.0,0.03225806451612903,0.0,0.0,0.0,0.0,0.0,0.0,0.0,0.03225806451612903,0.0,0.0,0.0,0.03225806451612903,0.0,0.03225806451612903,0.0,0.0,0.03225806451612903,0.0,0.0,0.03225806451612903,0.03225806451612903,0.03225806451612903,0.0,0.0,0.0,0.03225806451612903,0.0,0.0,0.03225806451612903,0.03225806451612903,0.03225806451612903,0.03225806451612903,0.03225806451612903,0.0,0.0,0.0,0.03225806451612903,0.0,0.0,0.0,0.0,0.03225806451612903,0.03225806451612903,0.0,0.0,0.0,0.03225806451612903,0.0,0.0,0.0,0.03225806451612903,0.03225806451612903,0.0,0.0,0.0,0.0,0.0,0.0,0.0,0.0,0.0,0.03225806451612903,0.0,0.1935483870967742,0.12903225806451613,0.03225806451612903,31,31,0
0.0,0.03125,0.03125,0.0,0.03125,0.0,0.0,0.0,0.0,0.03125,0.0,0.0,0.0,0.0,0.0,0.0,0.0,0.03125,0.0,0.03125,0.0,0.0,0.0,0.0,0.03125,0.0,0.0,0.03125,0.0,0.0,0.0,0.0,0.0,0.0,0.0,0.0,0.0,0.0,0.0,0.03125,0.0,0.0,0.0,0.03125,0.0,0.03125,0.0,0.0,0.03125,0.0,0.03125,0.03125,0.03125,0.03125,0.0,0.0,0.0,0.03125,0.0,0.0,0.03125,0.03125,0.03125,0.03125,0.03125,0.0,0.0,0.0,0.03125,0.0,0.0,0.0,0.0,0.03125,0.03125,0.0,0.0,0.0,0.03125,0.0,0.0,0.0,0.03125,0.03125,0.0,0.0,0.0,0.03125,0.0,0.0,0.0,0.0,0.0,0.0,0.0,0.15625,0.125,0.03125,32,32,0
0.0,0.03225806451612903,0.03225806451612903,0.0,0.03225806451612903,0.0,0.0,0.0,0.0,0.03225806451612903,0.0,0.0,0.0,0.0,0.0,0.0,0.0,0.03225806451612903,0.0,0.03225806451612903,0.0,0.0,0.0,0.0,0.03225806451612903,0.0,0.0,0.03225806451612903,0.0,0.0,0.0,0.0,0.0,0.0,0.0,0.0,0.0,0.0,0.0,0.03225806451612903,0.0,0.0,0.0,0.03225806451612903,0.0,0.03225806451612903,0.0,0.0,0.03225806451612903,0.0,0.0,0.03225806451612903,0.03225806451612903,0.03225806451612903,0.0,0.0,0.0,0.03225806451612903,0.0,0.0,0.03225806451612903,0.03225806451612903,0.03225806451612903,0.03225806451612903,0.03225806451612903,0.0,0.0,0.0,0.03225806451612903,0.0,0.0,0.0,0.0,0.03225806451612903,0.03225806451612903,0.0,0.0,0.0,0.03225806451612903,0.0,0.0,0.0,0.03225806451612903,0.03225806451612903,0.0,0.0,0.0,0.0,0.03225806451612903,0.0,0.0,0.0,0.0,0.03225806451612903,0.0,0.1935483870967742,0.12903225806451613,0.03225806451612903,31,31,0
0.0,0.02631578947368421,0.02631578947368421,0.0,0.02631578947368421,0.0,0.0,0.0,0.0,0.02631578947368421,0.0,0.02631578947368421,0.0,0.0,0.0,0.0,0.0,0.02631578947368421,0.0,0.02631578947368421,0.0,0.0,0.0,0.0,0.02631578947368421,0.0,0.0,0.02631578947368421,0.0,0.0,0.0,0.0,0.0,0.02631578947368421,0.02631578947368421,0.02631578947368421,0.02631578947368421,0.0,0.0,0.02631578947368421,0.0,0.0,0.0,0.02631578947368421,0.02631578947368421,0.02631578947368421,0.0,0.0,0.02631578947368421,0.0,0.0,0.02631578947368421,0.02631578947368421,0.02631578947368421,0.0,0.02631578947368421,0.0,0.02631578947368421,0.0,0.0,0.02631578947368421,0.02631578947368421,0.02631578947368421,0.02631578947368421,0.02631578947368421,0.0,0.0,0.0,0.02631578947368421,0.0,0.0,0.0,0.0,0.02631578947368421,0.02631578947368421,0.0,0.0,0.0,0.02631578947368421,0.02631578947368421,0.0,0.0,0.02631578947368421,0.02631578947368421,0.0,0.0,0.0,0.0,0.0,0.0,0.0,0.0,0.0,0.02631578947368421,0.05263157894736842,0.18421052631578946,0.10526315789473684,0.02631578947368421,38,38,0
0.0,0.002020655590480467,0.000898069151324652,0.0,0.007409070498428379,0.0,0.0,0.0,0.000673551863493489,0.021104625056129322,0.000673551863493489,0.0,0.0,0.002469690166142793,0.0,0.0,0.0,0.001571621014818141,0.0,0.000449034575662326,0.0,0.0,0.0,0.0,0.010776829815895825,0.0,0.0,0.01347103726986978,0.000224517287831163,0.0,0.000898069151324652,0.0,0.003143242029636282,0.000673551863493489,0.000673551863493489,0.000673551863493489,0.0,0.000224517287831163,0.0,0.000898069151324652,0.0,0.0,0.0,0.000224517287831163,0.001122586439155815,0.004939380332285586,0.0,0.0,0.010552312528064661,0.0,0.0,0.03143242029636282,0.007409070498428379,0.000898069151324652,0.0,0.12303547373147733,0.0,0.03502469690166143,0.0,0.000898069151324652,0.002694207453973956,0.0,0.001796138302649304,0.000898069151324652,0.24135608441850023,0.001122586439155815,0.0,0.0,0.02177817691962281,0.002469690166142793,0.000224517287831163,0.0,0.0,0.001571621014818141,0.000898069151324652,0.0,0.0,0.0,0.0,0.0,0.0,0.0,0.000898069151324652,0.0,0.000224517287831163,0.0,0.0,0.000449034575662326,0.000224517287831163,0.0,0.0,0.0,0.000673551863493489,0.4364616075437809,0.0,0.8810058374494836,0.04714863044454423,0.003143242029636282,48,4454,0
0.0,0.030303030303030304,0.030303030303030304,0.0,0.030303030303030304,0.0,0.0,0.0,0.0,0.030303030303030304,0.0,0.0,0.0,0.0,0.0,0.0,0.0,0.030303030303030304,0.0,0.030303030303030304,0.0,0.0,0.0,0.0,0.030303030303030304,0.0,0.0,0.030303030303030304,0.0,0.0,0.0,0.0,0.030303030303030304,0.0,0.0,0.0,0.0,0.0,0.0,0.030303030303030304,0.0,0.0,0.0,0.030303030303030304,0.0,0.030303030303030304,0.0,0.0,0.030303030303030304,0.0,0.0,0.030303030303030304,0.030303030303030304,0.030303030303030304,0.0,0.0,0.0,0.030303030303030304,0.0,0.0,0.030303030303030304,0.030303030303030304,0.030303030303030304,0.030303030303030304,0.030303030303030304,0.030303030303030304,0.0,0.0,0.030303030303030304,0.030303030303030304,0.0,0.0,0.0,0.030303030303030304,0.030303030303030304,0.0,0.0,0.0,0.030303030303030304,0.0,0.0,0.0,0.030303030303030304,0.030303030303030304,0.0,0.0,0.0,0.0,0.0,0.0,0.0,0.0,0.0,0.030303030303030304,0.0,0.18181818181818182,0.12121212121212122,0.030303030303030304,33,33,0
0.0,0.0,0.0,0.0,0.0,0.0,0.0,0.0,0.0,0.014705882352941176,0.0,0.014705882352941176,0.0,0.0,0.0,0.0,0.0,0.0,0.014705882352941176,0.0,0.0,0.0,0.0,0.0,0.0,0.0,0.0,0.0,0.0,0.0,0.0,0.0,0.0,0.0,0.0,0.0,0.0,0.014705882352941176,0.014705882352941176,0.0,0.0,0.014705882352941176,0.0,0.0,0.0,0.0,0.0,0.0,0.0,0.0,0.0,0.014705882352941176,0.0,0.0,0.0,0.0,0.0,0.0,0.0,0.0,0.0,0.0,0.0,0.0,0.0,0.0,0.0,0.0,0.0,0.0,0.0,0.0,0.0,0.0,0.0,0.0,0.0,0.0,0.0,0.029411764705882353,0.0,0.0,0.0,0.0,0.0,0.029411764705882353,0.014705882352941176,0.0,0.0,0.0,0.0,0.0,0.0,0.8088235294117647,0.04411764705882353,0.8235294117647058,0.014705882352941176,0.0,12,68,1
0.0,0.0,0.03076923076923077,0.0,0.06153846153846154,0.015384615384615385,0.0,0.12307692307692308,0.03076923076923077,0.16923076923076924,0.0,0.12307692307692308,0.0,0.0,0.0,0.0,0.0,0.015384615384615385,0.0,0.03076923076923077,0.0,0.0,0.0,0.0,0.0,0.0,0.0,0.0,0.0,0.0,0.0,0.0,0.0,0.0,0.0,0.0,0.0,0.0,0.0,0.015384615384615385,0.0,0.0,0.0,0.0,0.0,0.0,0.0,0.0,0.0,0.0,0.0,0.0,0.015384615384615385,0.0,0.0,0.0,0.0,0.046153846153846156,0.0,0.0,0.0,0.0,0.0,0.015384615384615385,0.0,0.015384615384615385,0.0,0.0,0.046153846153846156,0.0,0.0,0.0,0.0,0.046153846153846156,0.015384615384615385,0.015384615384615385,0.0,0.0,0.0,0.12307692307692308,0.0,0.0,0.0,0.0,0.0,0.0,0.0,0.015384615384615385,0.015384615384615385,0.0,0.0,0.0,0.0,0.0,0.24615384615384617,0.2153846153846154,0.07692307692307693,0.046153846153846156,22,65,1
0.0,0.015625,0.015625,0.015625,0.015625,0.0,0.0,0.0,0.0,0.015625,0.0,0.015625,0.015625,0.015625,0.0,0.0,0.0,0.015625,0.015625,0.015625,0.0,0.015625,0.0,0.0,0.015625,0.0,0.015625,0.015625,0.0,0.0,0.0,0.0,0.0,0.015625,0.015625,0.015625,0.0,0.015625,0.015625,0.015625,0.0,0.015625,0.0,0.015625,0.015625,0.015625,0.0,0.0,0.015625,0.0,0.0,0.015625,0.015625,0.015625,0.015625,0.015625,0.015625,0.015625,0.0,0.0,0.015625,0.015625,0.015625,0.015625,0.015625,0.015625,0.0,0.0,0.015625,0.015625,0.015625,0.0,0.0,0.015625,0.015625,0.015625,0.015625,0.0,0.015625,0.015625,0.0,0.0,0.015625,0.015625,0.0,0.015625,0.015625,0.015625,0.015625,0.0,0.0,0.015625,0.015625,0.015625,0.0625,0.125,0.0625,0.0625,64,64,1
0.0,0.0,0.02564102564102564,0.0,0.0,0.0,0.0,0.0,0.02564102564102564,0.02564102564102564,0.0,0.02564102564102564,0.02564102564102564,0.0,0.02564102564102564,0.02564102564102564,0.02564102564102564,0.02564102564102564,0.0,0.0,0.0,0.0,0.0,0.02564102564102564,0.02564102564102564,0.0,0.0,0.02564102564102564,0.0,0.0,0.02564102564102564,0.0,0.0,0.0,0.0,0.0,0.0,0.02564102564102564,0.0,0.0,0.02564102564102564,0.0,0.0,0.02564102564102564,0.0,0.0,0.0,0.0,0.0,0.02564102564102564,0.0,0.02564102564102564,0.0,0.0,0.02564102564102564,0.02564102564102564,0.0,0.02564102564102564,0.0,0.02564102564102564,0.0,0.0,0.0,0.0,0.02564102564102564,0.0,0.02564102564102564,0.0,0.02564102564102564,0.02564102564102564,0.02564102564102564,0.0,0.0,0.0,0.0,0.0,0.0,0.0,0.02564102564102564,0.02564102564102564,0.0,0.0,0.0,0.0,0.02564102564102564,0.0,0.0,0.0,0.02564102564102564,0.0,0.02564102564102564,0.0,0.0,0.02564102564102564,0.05128205128205128,0.1794871794871795,0.02564102564102564,0.07692307692307693,39,39,1
0.0,0.0,0.0,0.0,0.034482758620689655,0.0,0.0,0.0,0.0,0.034482758620689655,0.0,0.034482758620689655,0.0,0.0,0.0,0.0,0.0,0.034482758620689655,0.034482758620689655,0.0,0.0,0.0,0.0,0.0,0.034482758620689655,0.0,0.034482758620689655,0.0,0.0,0.0,0.0,0.0,0.0,0.0,0.0,0.0,0.0,0.034482758620689655,0.034482758620689655,0.0,0.0,0.034482758620689655,0.034482758620689655,0.0,0.0,0.034482758620689655,0.0,0.0,0.0,0.0,0.0,0.0,0.0,0.0,0.034482758620689655,0.0,0.034482758620689655,0.0,0.0,0.0,0.0,0.034482758620689655,0.0,0.0,0.034482758620689655,0.0,0.0,0.034482758620689655,0.034482758620689655,0.034482758620689655,0.0,0.034482758620689655,0.034482758620689655,0.0,0.0,0.034482758620689655,0.0,0.0,0.0,0.034482758620689655,0.0,0.0,0.0,0.0,0.0,0.034482758620689655,0.034482758620689655,0.0,0.0,0.0,0.0,0.0,0.0,0.034482758620689655,0.1724137931034483,0.13793103448275862,0.034482758620689655,0.06896551724137931,29,29,1
0.0,0.0,0.0,0.0,0.028037383177570093,0.0,0.0,0.0,0.0,0.04672897196261682,0.0,0.028037383177570093,0.0,0.0,0.0,0.0,0.0,0.009345794392523364,0.018691588785046728,0.0,0.0,0.0,0.0,0.0,0.018691588785046728,0.0,0.028037383177570093,0.0,0.0,0.0,0.0,0.0,0.0,0.0,0.0,0.0,0.0,0.04672897196261682,0.009345794392523364,0.0,0.009345794392523364,0.018691588785046728,0.009345794392523364,0.0,0.0,0.018691588785046728,0.0,0.0,0.0,0.0,0.0,0.04672897196261682,0.018691588785046728,0.009345794392523364,0.009345794392523364,0.0,0.08411214953271028,0.0,0.0,0.0,0.0,0.0,0.0,0.0,0.0,0.009345794392523364,0.0,0.018691588785046728,0.056074766355140186,0.037383177570093455,0.0,0.2616822429906542,0.06542056074766354,0.0,0.0,0.009345794392523364,0.0,0.0,0.0,0.028037383177570093,0.0,0.0,0.0,0.0,0.0,0.018691588785046728,0.009345794392523364,0.0,0.0,0.0,0.0,0.0,0.0,0.018691588785046728,0.14953271028037382,0.14953271028037382,0.102803738317757,0.037383177570093455,30,107,1
0.0,0.0,0.0,0.02857142857142857,0.02857142857142857,0.0,0.0,0.0,0.0,0.02857142857142857,0.0,0.02857142857142857,0.0,0.0,0.0,0.0,0.0,0.02857142857142857,0.02857142857142857,0.0,0.0,0.0,0.0,0.0,0.02857142857142857,0.0,0.02857142857142857,0.02857142857142857,0.0,0.0,0.0,0.0,0.02857142857142857,0.0,0.0,0.0,0.0,0.02857142857142857,0.02857142857142857,0.0,0.0,0.02857142857142857,0.02857142857142857,0.0,0.0,0.02857142857142857,0.0,0.02857142857142857,0.0,0.0,0.0,0.02857142857142857,0.02857142857142857,0.02857142857142857,0.02857142857142857,0.0,0.02857142857142857,0.0,0.0,0.0,0.0,0.0,0.0,0.0,0.02857142857142857,0.02857142857142857,0.0,0.02857142857142857,0.02857142857142857,0.02857142857142857,0.0,0.02857142857142857,0.02857142857142857,0.0,0.0,0.02857142857142857,0.02857142857142857,0.0,0.0,0.02857142857142857,0.0,0.0,0.0,0.0,0.0,0.02857142857142857,0.02857142857142857,0.0,0.0,0.0,0.0,0.0,0.0,0.0,0.22857142857142856,0.11428571428571428,0.11428571428571428,0.05714285714285714,35,35,1
0.0,0.0,0.0011123470522803114,0.0,0.0,0.0,0.0,0.0,0.004449388209121246,0.00778642936596218,0.0,0.0011123470522803114,0.002224694104560623,0.0,0.0011123470522803114,0.006674082313681869,0.17018909899888765,0.0011123470522803114,0.0,0.0,0.0,0.0,0.0,0.0011123470522803114,0.0033370411568409346,0.0,0.0,0.002224694104560623,0.0,0.0,0.3982202447163515,0.0,0.0,0.0,0.0,0.0,0.0,0.0033370411568409346,0.0,0.0,0.0,0.0,0.0,0.012235817575083427,0.0,0.0,0.0,0.0,0.0,0.0,0.0,0.02224694104560623,0.0,0.0,0.12791991101223582,0.0033370411568409346,0.0,0.00778642936596218,0.0,0.0011123470522803114,0.0,0.0,0.0,0.0,0.027808676307007785,0.0,0.0011123470522803114,0.0,0.12791991101223582,0.017797552836484983,0.0011123470522803114,0.0,0.0,0.0,0.0,0.0,0.0,0.0,0.011123470522803115,0.0011123470522803114,0.0,0.0,0.0,0.0,0.0033370411568409346,0.0,0.0,0.0,0.0011123470522803114,0.0,0.0011123470522803114,0.0,0.0,0.025583982202447165,0.002224694104560623,0.07563959955506118,0.02224694104560623,0.008898776418242492,33,899,1
0.0,0.015625,0.015625,0.015625,0.015625,0.0,0.0,0.0,0.0,0.015625,0.0,0.015625,0.015625,0.015625,0.0,0.0,0.0,0.015625,0.015625,0.015625,0.0,0.015625,0.0,0.0,0.015625,0.0,0.015625,0.015625,0.0,0.0,0.0,0.0,0.0,0.015625,0.015625,0.015625,0.0,0.015625,0.015625,0.015625,0.0,0.015625,0.0,0.015625,0.015625,0.015625,0.0,0.0,0.015625,0.0,0.0,0.015625,0.015625,0.015625,0.015625,0.015625,0.015625,0.015625,0.0,0.0,0.015625,0.015625,0.015625,0.015625,0.015625,0.015625,0.0,0.0,0.015625,0.015625,0.015625,0.0,0.0,0.015625,0.015625,0.015625,0.015625,0.0,0.015625,0.015625,0.0,0.0,0.015625,0.015625,0.0,0.015625,0.015625,0.015625,0.015625,0.0,0.0,0.015625,0.015625,0.015625,0.0625,0.125,0.0625,0.0625,64,64,1
0.0,0.0,0.0,0.0,0.0016913319238900633,0.00042283298097251583,0.0,0.0,0.0,0.8710359408033826,0.0,0.0054968287526427064,0.0,0.0,0.0,0.0,0.0,0.00042283298097251583,0.00042283298097251583,0.0,0.0,0.0,0.0,0.0,0.01014799154334038,0.0,0.0021141649048625794,0.0,0.0,0.0,0.0,0.0,0.0,0.0,0.0,0.0,0.0,0.0008456659619450317,0.0,0.0,0.0008456659619450317,0.00042283298097251583,0.0,0.0,0.0,0.0008456659619450317,0.0,0.0,0.0,0.0,0.0,0.0016913319238900633,0.0,0.0,0.018604651162790697,0.0,0.002536997885835095,0.0,0.0,0.0,0.0,0.0012684989429175475,0.0,0.0,0.0,0.0,0.0,0.0,0.02156448202959831,0.03636363636363636,0.0,0.0,0.0,0.0,0.0,0.0008456659619450317,0.0,0.00042283298097251583,0.0,0.0054968287526427064,0.0,0.0,0.0,0.0,0.0,0.0016913319238900633,0.0,0.0008456659619450317,0.0,0.0,0.0,0.0,0.012684989429175475,0.0008456659619450317,0.010993657505285413,0.8744186046511628,0.0033826638477801266,0.01522198731501057,26,2365,1
0.0,0.015625,0.015625,0.015625,0.015625,0.0,0.0,0.0,0.0,0.015625,0.0,0.015625,0.015625,0.015625,0.0,0.0,0.0,0.015625,0.015625,0.015625,0.0,0.015625,0.0,0.0,0.015625,0.0,0.015625,0.015625,0.0,0.0,0.0,0.0,0.0,0.015625,0.015625,0.015625,0.0,0.015625,0.015625,0.015625,0.0,0.015625,0.0,0.015625,0.015625,0.015625,0.0,0.015625,0.015625,0.0,0.0,0.015625,0.015625,0.015625,0.015625,0.015625,0.015625,0.015625,0.0,0.0,0.015625,0.015625,0.015625,0.015625,0.015625,0.015625,0.0,0.0,0.015625,0.015625,0.015625,0.0,0.0,0.015625,0.015625,0.015625,0.015625,0.0,0.015625,0.015625,0.0,0.0,0.015625,0.015625,0.0,0.015625,0.015625,0.015625,0.015625,0.0,0.0,0.015625,0.015625,0.015625,0.078125,0.125,0.0625,0.0625,64,64,1
0.0,0.0,0.0,0.0,0.0,0.0,0.0,0.0,0.0,0.014705882352941176,0.0,0.014705882352941176,0.0,0.0,0.0,0.0,0.0,0.0,0.014705882352941176,0.0,0.0,0.0,0.0,0.0,0.0,0.0,0.0,0.0,0.0,0.0,0.0,0.0,0.0,0.0,0.0,0.0,0.0,0.014705882352941176,0.014705882352941176,0.0,0.0,0.014705882352941176,0.0,0.0,0.0,0.0,0.0,0.0,0.0,0.0,0.0,0.014705882352941176,0.0,0.0,0.0,0.0,0.0,0.0,0.0,0.0,0.0,0.0,0.0,0.0,0.0,0.0,0.0,0.0,0.0,0.0,0.0,0.0,0.0,0.0,0.0,0.0,0.0,0.0,0.0,0.029411764705882353,0.0,0.0,0.0,0.0,0.0,0.029411764705882353,0.014705882352941176,0.0,0.0,0.0,0.0,0.0,0.0,0.8088235294117647,0.04411764705882353,0.8235294117647058,0.014705882352941176,0.0,12,68,1
0.023809523809523808,0.023809523809523808,0.023809523809523808,0.023809523809523808,0.023809523809523808,0.0,0.023809523809523808,0.0,0.023809523809523808,0.023809523809523808,0.0,0.023809523809523808,0.0,0.0,0.0,0.0,0.0,0.023809523809523808,0.0,0.023809523809523808,0.0,0.0,0.0,0.0,0.023809523809523808,0.0,0.023809523809523808,0.0,0.0,0.0,0.023809523809523808,0.0,0.023809523809523808,0.0,0.0,0.0,0.0,0.023809523809523808,0.0,0.0,0.0,0.0,0.023809523809523808,0.0,0.023809523809523808,0.0,0.023809523809523808,0.023809523809523808,0.023809523809523808,0.0,0.0,0.023809523809523808,0.023809523809523808,0.023809523809523808,0.023809523809523808,0.0,0.023809523809523808,0.0,0.0,0.0,0.0,0.023809523809523808,0.0,0.0,0.023809523809523808,0.023809523809523808,0.0,0.0,0.023809523809523808,0.023809523809523808,0.0,0.023809523809523808,0.023809523809523808,0.0,0.023809523809523808,0.023809523809523808,0.023809523809523808,0.0,0.0,0.023809523809523808,0.0,0.023809523809523808,0.0,0.0,0.0,0.0,0.0,0.0,0.0,0.023809523809523808,0.0,0.0,0.0,0.023809523809523808,0.19047619047619047,0.14285714285714285,0.09523809523809523,0.09523809523809523,42,42,1
0.0,0.038461538461538464,0.0,0.0,0.038461538461538464,0.038461538461538464,0.0,0.0,0.0,0.038461538461538464,0.0,0.038461538461538464,0.0,0.0,0.0,0.0,0.0,0.038461538461538464,0.038461538461538464,0.0,0.0,0.0,0.0,0.0,0.038461538461538464,0.0,0.038461538461538464,0.0,0.0,0.0,0.0,0.0,0.0,0.0,0.0,0.0,0.0,0.038461538461538464,0.0,0.0,0.038461538461538464,0.0,0.0,0.0,0.0,0.038461538461538464,0.0,0.0,0.0,0.0,0.0,0.0,0.0,0.0,0.038461538461538464,0.0,0.0,0.0,0.0,0.0,0.0,0.038461538461538464,0.0,0.0,0.0,0.0,0.0,0.0,0.038461538461538464,0.038461538461538464,0.0,0.0,0.0,0.0,0.0,0.038461538461538464,0.0,0.0,0.0,0.038461538461538464,0.0,0.0,0.0,0.0,0.0,0.038461538461538464,0.0,0.0,0.0,0.0,0.0,0.0,0.038461538461538464,0.038461538461538464,0.07692307692307693,0.07692307692307693,0.038461538461538464,0.11538461538461539,26,26,1
0.0,0.0,0.0,0.0,0.0,0.05,0.0,0.0,0.0,0.05,0.0,0.05,0.0,0.0,0.0,0.0,0.0,0.05,0.05,0.0,0.0,0.0,0.0,0.0,0.05,0.0,0.05,0.0,0.0,0.0,0.0,0.0,0.0,0.0,0.0,0.0,0.0,0.05,0.0,0.0,0.0,0.0,0.0,0.0,0.0,0.05,0.0,0.0,0.0,0.0,0.0,0.0,0.0,0.0,0.05,0.0,0.0,0.0,0.0,0.0,0.0,0.0,0.0,0.0,0.0,0.0,0.0,0.0,0.05,0.05,0.0,0.0,0.0,0.0,0.0,0.05,0.0,0.0,0.0,0.05,0.0,0.0,0.0,0.0,0.0,0.05,0.0,0.0,0.0,0.0,0.0,0.0,0.05,0.0,0.1,0.05,0.0,0.15,20,20,1
0.023809523809523808,0.023809523809523808,0.023809523809523808,0.023809523809523808,0.023809523809523808,0.0,0.023809523809523808,0.0,0.023809523809523808,0.023809523809523808,0.0,0.023809523809523808,0.0,0.0,0.0,0.0,0.0,0.023809523809523808,0.0,0.023809523809523808,0.0,0.0,0.0,0.0,0.023809523809523808,0.0,0.023809523809523808,0.0,0.0,0.0,0.023809523809523808,0.0,0.023809523809523808,0.0,0.0,0.0,0.0,0.023809523809523808,0.0,0.0,0.0,0.0,0.023809523809523808,0.0,0.023809523809523808,0.0,0.023809523809523808,0.023809523809523808,0.023809523809523808,0.0,0.0,0.023809523809523808,0.023809523809523808,0.023809523809523808,0.023809523809523808,0.0,0.023809523809523808,0.0,0.0,0.0,0.0,0.023809523809523808,0.0,0.0,0.023809523809523808,0.023809523809523808,0.0,0.0,0.023809523809523808,0.023809523809523808,0.0,0.023809523809523808,0.023809523809523808,0.0,0.023809523809523808,0.023809523809523808,0.023809523809523808,0.0,0.0,0.023809523809523808,0.0,0.023809523809523808,0.0,0.0,0.0,0.0,0.0,0.0,0.0,0.023809523809523808,0.0,0.0,0.0,0.023809523809523808,0.19047619047619047,0.14285714285714285,0.09523809523809523,0.09523809523809523,42,42,1
0.0,0.02702702702702703,0.02702702702702703,0.0,0.02702702702702703,0.0,0.0,0.02702702702702703,0.02702702702702703,0.02702702702702703,0.0,0.02702702702702703,0.0,0.02702702702702703,0.0,0.0,0.0,0.02702702702702703,0.0,0.02702702702702703,0.0,0.0,0.0,0.0,0.0,0.02702702702702703,0.0,0.02702702702702703,0.0,0.02702702702702703,0.0,0.0,0.0,0.0,0.0,0.0,0.0,0.02702702702702703,0.0,0.02702702702702703,0.0,0.0,0.0,0.0,0.0,0.0,0.0,0.0,0.0,0.0,0.0,0.02702702702702703,0.02702702702702703,0.02702702702702703,0.0,0.0,0.0,0.02702702702702703,0.0,0.0,0.0,0.02702702702702703,0.02702702702702703,0.02702702702702703,0.02702702702702703,0.0,0.0,0.0,0.02702702702702703,0.02702702702702703,0.0,0.0,0.02702702702702703,0.02702702702702703,0.02702702702702703,0.02702702702702703,0.02702702702702703,0.0,0.0,0.02702702702702703,0.0,0.0,0.0,0.0,0.0,0.0,0.0,0.0,0.02702702702702703,0.02702702702702703,0.0,0.0,0.0,0.02702702702702703,0.10810810810810811,0.16216216216216217,0.10810810810810811,0.05405405405405406,37,37,1
0.0,0.0,0.0,0.0,0.0,0.05263157894736842,0.0,0.0,0.0,0.05263157894736842,0.0,0.05263157894736842,0.0,0.0,0.0,0.0,0.0,0.05263157894736842,0.05263157894736842,0.0,0.0,0.0,0.0,0.0,0.05263157894736842,0.0,0.05263157894736842,0.0,0.0,0.0,0.0,0.0,0.0,0.0,0.0,0.0,0.0,0.05263157894736842,0.0,0.0,0.0,0.0,0.0,0.0,0.0,0.05263157894736842,0.0,0.0,0.0,0.0,0.0,0.0,0.0,0.0,0.05263157894736842,0.0,0.0,0.0,0.0,0.0,0.0,0.0,0.0,0.0,0.0,0.0,0.0,0.0,0.05263157894736842,0.0,0.0,0.0,0.0,0.0,0.0,0.05263157894736842,0.0,0.0,0.0,0.05263157894736842,0.0,0.0,0.0,0.0,0.0,0.05263157894736842,0.0,0.0,0.0,0.0,0.0,0.0,0.05263157894736842,0.0,0.10526315789473684,0.05263157894736842,0.0,0.15789473684210525,19,19,1
0.0,0.0,0.038461538461538464,0.0,0.038461538461538464,0.038461538461538464,0.0,0.038461538461538464,0.038461538461538464,0.038461538461538464,0.0,0.038461538461538464,0.0,0.0,0.0,0.0,0.0,0.038461538461538464,0.0,0.038461538461538464,0.0,0.0,0.0,0.0,0.038461538461538464,0.0,0.0,0.0,0.0,0.0,0.0,0.0,0.0,0.0,0.0,0.0,0.0,0.038461538461538464,0.0,0.038461538461538464,0.0,0.0,0.0,0.0,0.0,0.0,0.0,0.0,0.0,0.0,0.0,0.0,0.038461538461538464,0.0,0.0,0.0,0.0,0.0,0.0,0.0,0.0,0.0,0.0,0.038461538461538464,0.0,0.0,0.038461538461538464,0.0,0.038461538461538464,0.0,0.0,0.0,0.0,0.038461538461538464,0.038461538461538464,0.038461538461538464,0.0,0.0,0.0,0.038461538461538464,0.0,0.0,0.0,0.0,0.0,0.0,0.0,0.0,0.0,0.0,0.0,0.0,0.038461538461538464,0.0,0.07692307692307693,0.038461538461538464,0.07692307692307693,0.11538461538461539,26,26,1
